4,facebook.com
7,googleapis.com
12,akamaiedge.net
26,fbcdn.net
28,trafficmanager.net
31,googleusercontent.com
33,bing.com
45,netflix.com
47,mail.ru
49,aaplimg.com
58,windows.net
66,msn.com
68,whatsapp.com
72,zoom.us
74,wac-msedge.net
81,nic.ru
82,ytimg.com
90,cloudflare-dns.com
94,lencr.org
95,googleadservices.com
96,baidu.com
100,intuit.com
104,samsung.com
105,x.com
113,dropbox.com
115,wa.me
118,msedge.net
128,one.one
142,medium.com
143,paypal.com
147,adnxs.com
157,forbes.com
160,soundcloud.com
162,miit.gov.cn
164,cnn.com
167,myfritz.net
168,t.co
176,gmail.com
197,3gppnetwork.org
204,ozon.ru
215,mzstatic.com
217,edgecdn.ru
218,sciencedirect.com
221,b-cdn.net
224,arubanetworks.com
225,researchgate.net
226,taobao.com
229,ring.com
234,who.int
235,hubspot.com
239,hp.com
251,linktr.ee
253,atomile.com
258,openx.net
270,vungle.com
271,cdc.gov
272,synology.com
274,adsrvr.org
275,google.com.br
277,drom.ru
282,opendns.com
285,go.com
297,googletagservices.com
301,alibabadns.com
323,wsj.com
324,worldfcdn2.com
333,lijit.com
345,inmobi.com
349,ibyteimg.com
353,eset.com
364,stackoverflow.com
368,independent.co.uk
371,stanford.edu
374,ksyuncdn.com
380,name-services.com
388,xcal.tv
389,aliexpress.com
390,elasticbeanstalk.com
391,adobe.net
395,consultant.ru
406,checkpoint.com
409,ok.ru
411,dell.com
430,walmart.com
433,addtoany.com
439,tds.net
446,wired.com
460,amzn.to
465,vedcdnlb.com
470,chinamobile.com
471,cnet.com
474,mayoclinic.org
480,phicdn.net
506,grammarly.io
512,msidentity.com
518,google.fr
522,amazontrust.com
542,azure-dns.com
547,cbsnews.com
550,loc.gov
552,playstation.com
559,line.me
566,omnitagjs.com
567,kwimgs.com
571,conviva.com
575,newsweek.com
581,noaa.gov
592,ovscdns.net
598,rt.ru
599,go-mpulse.net
604,wattpad.com
605,britannica.com
611,crwdcntrl.net
617,att.net
619,okta.com
624,life360.com
634,pandora.com
643,target.com
644,klaviyo.com
651,ieee.org
655,easebar.com
656,beeline.ru
657,nbcnews.com
659,mlb.com
664,e-msedge.net
666,kaspi.kz
672,gumgum.com
678,erome.com
687,prmsrvs.com
693,fda.gov
697,datadoghq.com
699,bestbuy.com
700,aws.dev
702,appspot.com
705,zemanta.com
715,gcdn.co
719,sberbank.ru
722,oraclecloud.com
734,warnerbros.com
736,viber.com
737,people.com
739,cdnhwc2.com
740,pvp.net
747,turn.com
748,usps.com
755,quickconnect.to
759,mailchi.mp
760,google.cn
763,yellowblue.io
765,fast.com
769,ya.ru
774,isappcloud.com
778,stickyadstv.com
782,zoho.com
787,onlyfans.com
788,xnxx.com
792,protek.ru
795,upwork.com
812,cloudns.net
825,fbsbx.com
826,lenovo.com
827,adnxs.net
829,bild.de
831,scdn.co
842,ad.gt
850,aniview.com
855,squarespacedns.com
864,nest.com
868,sonobi.com
876,genius.com
882,wp.pl
883,deloitte.com
888,typeform.com
891,mckinsey.com
900,vivo.com.cn
907,ui-dns.com
908,economist.com
909,apple.news
914,linode.com
926,adobedc.net
931,postrelease.com
932,samsungcloudsolution.net
937,redd.it
948,supersonicads.com
955,sharethis.com
956,kontur.ru
957,fb.me
959,nintendo.net
964,immedia-semi.com
965,dsp-redirect.com
971,vmware.com
975,binance.com
979,bytefcdn.com
983,openstreetmap.org
984,ebay.de
987,finn.no
991,wikihow.com
993,creditkarma.com
995,eporner.com
999,macys.com
1075,beget.com
1426,protothema.gr
1852,mirror.co.uk
2505,samsungrs.com
3553,treasuredata.com
4279,u-tokyo.ac.jp
4479,ntp-fireos.com
4906,srf.ch
5166,teams-msedge.net
5208,batmanapollo.ru
6696,youradchoices.ca
7007,core.ac.uk
7176,telangana.gov.in
8332,huyamba.info
9327,tanx.com
9676,pelotalibre.org
10117,payfit.tech
10359,quasarzone.com
11329,booktoki344.com
11459,easyanticheat.net
12396,jads.co
12916,fortunecity.com
13157,trustedshops.com
13281,sixflags.com
13677,fsc.org
14239,dowjones.com
14397,doximity-staging.services
14435,mitsui-shopping-park.com
14948,mof.gov.cn
15372,cdn-kaspi.kz
15593,awsdns-56.org
15622,zaq.ne.jp
15663,fortum.ru
16015,artnews.com
17362,elderscrollsonline.com
19132,myfigurecollection.net
19290,eventbrite.de
19302,panvel.com
19727,vntsm.com
21033,vu.edu.pk
21034,ixbt.games
21380,portalbrasil.net
21731,planfix.ru
21927,kottke.org
21970,threatpost.com
22175,pillpack.com
22320,vidmateapp.tools
22418,headwayapp.co
23432,mehrmusica.com
24417,insta360.com
26204,evo-box.com
27063,jssor.com
27072,biliintl.com
28461,grampus-server.ru
28654,bngdin.com
28870,exist.ru
29222,mostbet108.com
29658,gandi-ns.eu
29747,hazzptt.net.cn
29786,lvmh.com
29894,wreg.com
30257,homecredit.kz
30872,clearscore.com
31022,expensify.com
31496,french-stream.bio
31513,msccruises.com
33088,faro-cloud.com
33099,fieldmuseum.org
33326,prima.com.ar
33954,jaco.live
35439,thehotelsnetwork.com
35523,dietdoctor.com
35672,floridapolitics.com
35719,jimcdn.com
35974,adsttc.com
35994,islandnet.com
36094,savannahnow.com
36383,nic.net.ng
37049,fct.co
37422,statsperform.com
37435,megaresources.co
37464,awsdns-cn-06.cn
38931,netgalley.com
39428,prensa.com
39470,form-mailer.jp
40118,sion.com
41307,videri.com
42246,tailwindapp.com
42348,99app.com
43488,stablediffusionweb.com
43505,bekkoame.ne.jp
45119,altn.com
45588,punjab.gov.in
45598,hallow.app
46083,hardcoregamer.com
47567,tide-forecast.com
48053,ontrac.com
48401,theconservativetreehouse.com
48448,sexkomix22.com
48577,videocdnmetrika.com
48820,emax.net.tw
49521,bright-brides.org
50010,s7.aero
50616,imaninvest.com
50736,daneblogger.com
50798,banan.cz
50824,fabric.io
51020,rsvpify.com
51433,2ndswing.com
52857,roh.org.uk
53351,lordfilm.black
53582,binarydefense.com
55988,olapic-cdn.com
56303,puritan.com
56334,audioz.download
56393,barandbench.com
57156,simsfinds.com
57986,obdii.cfd
59879,escolaeducacao.com.br
60430,unileversolutions.com
60471,7cups.com
61143,chatfuel.com
61218,otohits.net
61590,idinheiro.com.br
62349,torrent9.se
65043,tripadvisor.co.il
65687,supabets.co.za
66436,azimuthotels.com
66613,pinno.app
67238,versiontracker.com
67541,byggmax.se
67543,princes-trust.org.uk
67785,prsmedia.fr
70353,sewanee.edu
70515,childhelp.org
71011,bitdefender.co.uk
71285,unibet.ro
71382,jet.com
71645,icfes.gov.co
71698,weathercrave.com
72427,hellooha.com
72483,defensa.com
73358,honda.mx
73513,refpamjeql.top
74001,titanads2.com
74564,samsungar.com
74580,pornphotopics.com
75342,nb-bet.com
76675,textfree.us
77485,myprivatejobs.com
77623,drogarianovaesperanca.com.br
78237,my100bank.com
78398,aifs.gov.au
79105,ardsmamoswineon.com
79173,lululemon.com.hk
79505,hotupub.net
79908,funddreamer.com
80132,synctrack.io
80819,sunsky-online.com
80841,patiotuerca.com
82071,bettingclosed.com
82960,spotgames.top
83241,domikids.tv
83398,titaneyeplus.com
84228,migracija.lt
84321,smart.edu.co
84749,webawere.nl
84811,gimmemore.com
84887,mybeaumontchart.com
85013,weil.com
85260,itp4game.fun
85940,wealthelite.in
86182,jysk.bg
86910,horadavelocidade.com.br
87674,kintetsu.co.jp
88842,bmjjournals.com
89697,ac-rennes.fr
90167,nic.or.kr
90193,mizbanwp.com
90354,didapay.club
90594,adsfly.in
90734,xandxxporn.com
91199,tredy-fashion.de
92507,pioneer-car.eu
92925,koko303-os2.com
92989,supramail.com.br
93350,forbiddenplanet.com
94851,cooponlineweb.com.ar
95099,9esa.com
95330,esmartbazaar.in
95467,jvpkh.com
95647,odiafresh.com
96569,enthusiastgaming.net
96648,basketballinsiders.com
97531,yulpa.io
98081,sixsistersstuff.com
98197,scriptengine.net
98648,novavarna.net
98913,sexkhongchehd.com
99420,kickz.com
103403,montage.com
106815,ioffer.com
112039,ts.kg
126226,aimeleondore.com
127825,lucianne.com
131245,wbtvd.com
133327,webtar.hu
133660,szbdyd.com
145562,zont-online.com
148051,salud180.com
149406,humdata.org
158656,russian-lotteries.net
166614,snappywords.com
169404,toysrus.co.za
172934,firmseek.net
174871,usvotefoundation.org
182628,futakuro.com
183668,bmsu.ac.ir
191162,topmassagens.com.br
195326,dressipi.com
197252,wisp.gg
198247,viszony.hu
201415,aquaphor.ru
205908,hogeveluwe.nl
207176,nic.abbvie
207474,tubesexychaud.com
211580,sattamatkarajdhani.com
214976,eld.gov.sg
216740,sitemason.com
216971,kheimegah.com
220117,tebup.com
230890,mirion.com
245052,expresspk.ru
246317,saskhealthauthority.ca
246414,prineside.com
249812,lautanhost.com
260266,sticksports.com
263033,phpoint.net
265841,versicherungsjournal.de
267415,5x5.info
267754,the5krunner.com
270556,gxhm68.com
271340,eastshow.cn
279452,555-love.com
287331,elk.zone
301630,waiverelectronic.com
308497,yoohae.com
319685,ze.tt
321232,bulkadulttraffic.com
322956,wholesomelicious.com
325773,appadstrk.com
329259,webareal.sk
329975,watchcartoononline.bz
330284,inyonetworks.com
331149,szhuosu.com
334054,hnjuxiannet.com
338969,hmmcd.com
340175,incamail.com
343963,simrad-yachting.com
344099,hebeijinkai.com
356703,easylife.co.uk
356788,dvdcompare.net
358608,intotheblue.co.uk
363627,tal.sg
375505,nexo.moe
376184,ads3-adnow.com
377371,hymgtx.com
377747,canopygrowth.com
379787,xmbfxy.com
379947,aviator-online-game.com
380747,vpnssoft.net
383061,chinaswimmingdata.com
388390,feps-europe.eu
391370,copays.org
391477,reporter.gr
391705,perdormire.co.kr
403446,sofeminine.co.uk
407420,sdqianchuang.com
407758,dws.de
429964,oranjefonds.nl
430777,koinbx.com
440036,braton.net
452945,omron.com.cn
456700,ylh.gov.tw
456779,1v1me.com
460664,xhoyhbm.cn
472529,refectory.fr
476418,motatos.dk
479202,asiangayporn.net
479581,caitlin.top
482555,saudeid.com.br
488163,xn--vg1b03zi5a71m9wruja.com
496923,troa.es
497888,kmlmy666.com
498383,multiboard.io
498592,loredz.com
500157,626nightmarket.com
503458,volgogradru.com
514851,digiclick.com
518802,mrmushies.co
520652,tep50o.cn
539899,dutchitchannel.nl
542418,cedarmaps.com
542667,cookinglife.de
543144,elmasappapi.cyou
549246,a11.eu
555885,bioderma.es
571030,openwatcom.org
575436,bench.com.ph
575764,nwu.org
581142,cnmp.mp.br
581742,bader.nl
584715,jkwtw.com
590786,stoffmeile.de
617489,parkdomains.gr
623482,uonuma-kome.com
624903,eit.ac.nz
629904,thsoft.cz
632343,thegoalchaser.com
634278,info-cloud.co.il
654817,aeronauticamilitareofficialstore.it
660087,unitwise.com
662276,freshrelease.com
663055,sofus.dk
665159,swnic.com
671413,epodcastnetwork.com
671859,peterjacksons.com
678857,movieswithincite.com
680100,fielmann.com
684005,aircalin.fr
688509,neurosoft.gr
688638,universal.com.do
694732,kisuni.cc
705398,countersketch.biz
711879,chooseabutt.com
712983,cabel.com
717890,1winpoker.com
719177,fubukus.net
724835,uob.edu.ly
725381,vostok-watches24.com
731263,megaserialy.ru
733053,vodokanal.kharkov.ua
738721,govkorea.kr
748565,myparseh.com
757925,abw.blue
759177,alakodenews.in
765823,bl-gaytaiken.com
766564,boss8055.club
770488,claimtitan.com
771089,codigopostal.gob.pe
772098,covenipuzzle.com
774080,desiking.in
779515,fairclinic.jp
781454,fpscjob.pk
787278,hovege.hu
793385,klwave.or.kr
802730,mpvape.shop
809571,pensulemachiaj.ro
813329,queenmayoristas.com.ar
813537,racin.mk
814826,reservacultural.com.br
816752,saminutband.es
817871,seekhotlove.com
821591,splusplusapk.com
832053,webcamlive.cz
835393,sohosted49.com
835912,vitelglobal.com
838798,mostbet-wcc7.top
850801,e21.com
852788,tfn.org
854640,mauleebroadband.in
855732,uoh.edu.cn
857169,softplatz.net
864545,bookdepositoryus.com
865180,dostaapka.com
872247,belanotte.com.br
876647,gta-network.co.id
877573,instant-personal-loan-on-aadhaar-card-7kp-4356999.zone
881178,noveltune.net
883301,royalcinemaspooler.com
887353,yaoifanclub.com
892496,invoicexpress.com
895668,mirror-pokerdom.pics
898976,next-casinos.net
900582,golden-farm.club
905636,viagr.mom
905935,mindeskvr.com
910621,r7casino-ojb.top
913695,emailrep.io
930556,mntpbtk.site
944152,briceinvestments.com
944963,gordonua-film.site
946336,tvinmedia.ru
948750,pornolab.tv
961723,tud.at
969694,larryjohn.net
974629,playcomla.com.ar
983795,gofuture.games
988663,kentcounty.com
996866,semyanich-seeds-2.store
